feature,gain
closeness_productname,25113.000880806892
native_rank_name,21484.902635772527
native_rank_description,12177.94651780799
closeness_description,8434.169537763297
Price,8339.131216172875
AverageRating,1855.0009415082634
